date,rebar_price_usd_ton,usd_mxn_rate,iron_ore_price_usd_ton,coking_coal_price_usd_ton,rebar_price_mxn_ton,rebar_trend,rebar_seasonal,rebar_noise,rebar_volatility_30d,usd_mxn_volatility_30d
2024-01-01,700.673142948872,18.0,102.40428230552993,143.99500087568777,12612.116573079697,0.0,0.5160472625478152,50.15709568632426,,
2024-01-02,609.2005522457841,18.67072025621642,118.25346239445426,215.12672166196407,11374.213090913592,0.273972602739726,1.0319418184082403,-42.10536217536372,,
2024-01-03,634.1055452566176,20.610807972147597,76.78816395159632,139.8644940743483,13069.427627358093,0.547945205479452,1.547531006082251,-17.989930954944136,,
2024-01-04,613.9078085214934,18.204111393759362,78.08020246237166,157.62643215953148,11175.646131823958,0.821917808219178,2.062662254434182,-38.97677154115994,,
2024-01-05,619.6752108780859,21.581510228275864,101.54948030461038,100.0,13373.526901774412,1.095890410958904,2.5771831278399815,-33.99786266071288,,
2024-01-06,624.6899171721813,22.728265300689,123.690188701277,185.19112967290994,14198.118168154771,1.36986301369863,3.0909413712953637,-29.77088721281273,,
2024-01-07,583.1131040208909,20.993297587152473,114.90342424260523,128.0268989226364,12241.466919678758,1.643835616438356,3.6037849554705152,-72.13451655101784,,
2024-01-08,647.8903557768634,20.267478396049306,110.00438641401799,146.5116226135409,13131.103788716278,1.917808219178082,4.115562121698017,-8.143014564012589,,
2024-01-09,580.60809757557,23.96813090123848,82.13718864837112,165.8208471297053,13916.090885010308,2.191780821917808,4.626121426880682,-76.20980467322856,,
2024-01-10,664.38318259761,20.20380714635085,130.41910282965642,153.53387221257998,13423.069692480916,2.4657534246575343,5.135311788305995,6.782117384646448,,
2024-01-11,669.8699237790356,18.887987928254724,124.91771004696614,132.52240399246062,12652.495033839337,2.73972602739726,5.642982528353928,11.487215223284307,,
2024-01-12,667.6988556762132,21.93493634638933,88.348901853281,169.33040463666663,14645.931897814731,3.013698630136986,6.14898341908486,8.536173626991319,,
2024-01-13,796.9054932727055,18.0,86.10487210622912,169.7418621389032,14344.2988789087,3.287671232876712,6.653164726694456,136.96465731313435,,
2024-01-14,691.0081388392207,22.25873316148999,123.86827181029233,189.21616006274115,15380.96577484004,3.5616438356164384,7.155377255822295,30.291117747781954,,
2024-01-15,639.0474866038984,22.561197338749245,115.26405788428647,210.01766687384202,14417.676454102266,3.835616438356164,7.655472393701184,-22.443602228158962,,
2024-01-16,634.3872589767194,21.415046132239947,104.34878621438162,153.93492604761713,13585.432416691696,4.10958904109589,8.153302154134071,-27.87563221851049,,
2024-01-17,740.2745487807081,22.006702409751934,91.64512084966525,168.5257129245196,16291.001696530435,4.383561643835616,8.648719221285532,77.2422679155869,,
2024-01-18,659.2751741868036,20.0663640982943,120.3354669837534,202.10426411530963,13229.255686198798,4.657534246575342,9.141576993274901,-4.523937053046702,,
2024-01-19,729.0187711235114,20.34232216256571,99.57457373529475,188.35494246991186,14829.934704752226,4.931506849315069,9.63172962555813,64.4555346486383,,
2024-01-20,634.5844070877797,23.418436665222558,103.29096154036338,160.52354221841796,14860.974746122978,5.205479452054794,10.119032074085526,-30.740104438360653,,
2024-01-21,623.1573729104339,19.788071776854995,69.48034660686997,164.32731972639203,12331.08282342806,5.47945205479452,10.60334013822263,-42.9254192825832,,
2024-01-22,711.2475640380027,22.09319244456617,131.36337554692122,153.76124524212864,15713.729308020494,5.7534246575342465,11.084510503421493,44.40962887704701,,
2024-01-23,723.1610297421437,18.377608902485008,96.94351031557271,212.96902624156908,13289.970578119446,6.027397260273972,11.56240078362977,55.571231698239856,,
2024-01-24,568.3097126751924,22.929284003052583,111.1154612248065,147.52200487054665,13030.934803622698,6.301369863013698,12.036869563425027,-100.02852675124639,,
2024-01-25,684.1915465256515,22.447115580509365,85.58776717981112,201.1432949380965,15358.126724068748,6.575342465753424,12.50777643986186,15.108427620036103,,
2024-01-26,718.1204049326168,21.63734895508677,107.90289852503238,111.96535010618322,15538.221793295246,6.8493150684931505,12.974982064019365,48.296107800104224,,
2024-01-27,686.5252286133571,21.030542619320148,100.67452500944563,174.47981174375005,14437.998079591713,7.123287671232877,13.438348182236734,15.963592759887424,,
2024-01-28,696.159100894548,21.28765449113926,132.63330440581834,186.18139127018713,14819.594410705295,7.397260273972602,13.897737677024752,24.864102943550648,,
2024-01-29,647.6499597995204,20.426944308443403,89.75287859990036,226.43311422695336,13229.509660190412,7.671232876712328,14.353014607641036,-24.374287684833003,,
2024-01-30,700.6286819270562,22.43960408133442,109.56833389343824,132.94303912427247,15721.830230470325,7.945205479452055,14.804044250317121,27.87943219728702,52.167347545633916,1.6668673380951935
2024-01-31,647.1409572699952,18.0,109.32777679446598,144.5688057065901,11648.537230859913,8.21917808219178,15.250693138125365,-26.328913950322004,51.7594038529004,1.6668673380951935
2024-02-01,669.3694174220767,24.144376238059333,118.57529250103767,161.92092079246692,16161.507056489208,8.493150684931507,15.692829100473979,-4.816562363328777,50.81891709814931,1.707559278947497
2024-02-02,632.4997284381635,20.967184236549357,136.23156146336714,185.11688833019707,13261.738335730412,8.767123287671232,16.130321302218423,-42.39771615172616,50.85182085498978,1.7050243455576883
2024-02-03,702.7099274058122,20.64195288787332,94.43539054840099,198.1012262818934,14505.305215351656,9.041095890410958,16.563040282377624,27.105791233023613,50.449518830643726,1.6156876999191045
2024-02-04,630.8192761555696,21.54965050400271,83.83738384186121,173.33914831463971,13593.934932340495,9.315068493150685,16.990857992443573,-45.48665033002467,50.13331903297058,1.6154578951751586
2024-02-05,610.9762914935268,20.09002251200836,125.4259265991852,177.5246314949748,12274.527450408335,9.58904109589041,17.41364783427294,-66.02639743663661,50.59109425033295,1.6026798769984332
2024-02-06,697.2531223361849,22.840753544917334,120.6959347995904,185.59373848376114,15925.786725704895,9.863013698630137,17.831284697549492,19.558823940005365,48.35747108627658,1.6321051769450374
2024-02-07,663.6454273280018,24.0075425675187,148.81600685528167,155.06256750653037,15932.495846316142,10.136986301369863,18.243644996806253,-14.735203970174283,48.19252310785016,1.699797997836536
2024-02-08,646.5673997335231,23.153837480177298,119.15913616239969,214.35474613409937,14970.516493410823,10.410958904109588,18.650606707996438,-32.49416587858301,45.362719748518394,1.662229145304476
2024-02-09,663.3442032854294,18.54921123136088,101.13841949643724,180.88275606457992,12304.511745840222,10.684931506849315,19.05204940460231,-16.392777626022216,45.36983135491845,1.7260219204730818
2024-02-10,668.0082406977806,23.595728831806333,114.48884235536629,157.6412595171387,15762.141304916846,10.95890410958904,19.447854293271366,-12.398517705079831,45.37532305510642,1.718507282615547
2024-02-11,644.837998027506,18.433680024774667,95.65519759423522,168.97161251164457,11886.737323455323,11.232876712328766,19.83790424896916,-36.23278293379195,45.65486305246005,1.7979810577665842
2024-02-12,624.603349795195,23.512387405174866,96.30346184859737,177.96345695472135,14685.915934954573,11.506849315068493,20.222083849638484,-57.125583369512036,39.875475126205025,1.731302323173622
2024-02-13,639.6324471167478,22.645630329849364,100.51087167416175,205.8642465358329,14484.879944382794,11.780821917808218,20.60027941035466,-42.74865421141511,39.880250953785996,1.7388273724639094
2024-02-14,680.4203053947803,20.288127819427782,154.68124956853387,128.831911311763,13804.454126783388,12.054794520547944,20.972379016966688,-2.6068681427343114,39.682032579885615,1.7396130156203724
2024-02-15,733.7081137717271,20.95654835960571,122.19514157521715,152.73106998191884,15375.989568092285,12.32876712328767,21.338272559214456,50.04107408922489,41.07657148662185,1.7415275379993524
2024-02-16,655.6202072316266,19.564163515625232,124.79601648748927,187.7032204729138,12826.660938427643,12.602739726027396,21.697851763312165,-28.680384257712948,38.87893692376569,1.7685361008497054
2024-02-17,652.0852003997004,20.840854288510926,145.44364452460331,138.61711495253425,13590.012645224602,12.876712328767123,22.05101022398824,-32.84252215305491,38.946725634277364,1.7553976738125905
2024-02-18,761.5820618209417,21.378411137152245,103.3373918614017,135.79188516855487,16281.41443228819,13.150684931506849,22.39764343597239,76.03373345346247,41.14934105409085,1.7453916697363125
2024-02-19,613.1317714216844,20.019697695548736,86.9403162444886,148.64103625635553,12274.71271139841,13.424657534246574,22.737648824920413,-73.03053493748249,41.91645841508134,1.7177874186231519
2024-02-20,646.0788983661286,25.708873700128308,136.2481300964178,199.87768608527682,16609.96079841283,13.698630136986301,23.070925777767542,-40.69065754862529,41.30225079335946,1.8763011894893626
2024-02-21,726.7342148540474,20.354703472618567,115.86999076474346,134.4567187814372,14792.459446760407,13.972602739726026,23.397375672501532,39.36423644181992,41.961552086039006,1.8826487726272154
2024-02-22,629.6045053170194,23.938061690125842,122.57869196706396,129.65293479212195,15071.511488659975,14.246575342465754,23.716901907346447,-58.35897193279283,41.17838382955181,1.848856556319699
2024-02-23,688.2517638668305,25.43808940453556,116.80277815112915,132.7482644653288,17507.80990207373,14.520547945205479,24.029409929348713,-0.29819400772372057,37.11609150752096,1.9651067562622537
2024-02-24,778.3952766144752,18.0,121.54281474841308,230.74470566154207,14011.114979060552,14.794520547945204,24.33480726235686,89.26594880417305,42.11729386111977,2.068906178267072
2024-02-25,571.4140319364055,21.840504324455853,132.51686794771118,149.92143671569,12479.97063556182,15.068493150684931,24.633003534386674,-118.28746474866611,44.9816196600704,2.0696537484360578
2024-02-26,706.5688010393192,23.349319188904214,123.72050108911645,164.2668725996594,16497.90046438842,15.342465753424657,24.92391050436374,16.30242478153074,45.42857474081317,2.0938434597580877
2024-02-27,680.7024869059915,21.889820791847328,122.18673806938014,187.42072136589718,14900.455450936955,15.616438356164382,25.207442088235407,-10.121393538408405,45.18104598728799,2.0936442968435935
2024-02-28,643.058266869653,24.288719801754464,112.64353275923361,194.64467100559102,15619.062060198848,15.89041095890411,25.483514384444415,-48.31565847369554,45.25703599108581,2.1361216492552293
2024-02-29,665.1258228385717,22.38080003073737,131.21354683340937,159.88057541753088,14886.048036229724,16.164383561643834,25.75204569875675,-26.790606421828933,44.80877027861865,2.1354916299830617
2024-03-01,765.3720029118426,22.29998517852445,136.2125711531441,170.65432773814786,17067.784320991665,16.43835616438356,26.012956568436245,72.92069017902281,48.18366191417415,2.0164044291480727
2024-03-02,652.1829551330163,21.358147806657932,93.62535365676047,140.28322829703063,13929.41995271392,16.712328767123285,26.26616978575891,-40.79554341986596,48.29023912457324,1.9726297692966108
2024-03-03,631.999786136888,20.84695147194146,114.08646445552739,188.8071800187162,13175.268871873084,16.986301369863014,26.51161042085993,-61.49812565383495,48.30341273298305,1.9744931517696749
2024-03-04,730.4795763599254,20.197624196568803,140.6610770333041,208.3558247221028,14753.95196658656,17.26027397260274,26.749205843906623,36.470096543416034,49.22602191047075,1.985056086948427
2024-03-05,661.6378243912436,22.560305751102778,127.3834158078263,165.23377948391874,14926.751614760902,17.534246575342465,26.97888574659076,-32.87530793068964,48.69732178378521,1.9896307595831466
2024-03-06,738.2065947352415,23.269402674265393,134.06298219852104,125.44062010758105,17177.626509692578,17.80821917808219,27.200582162933955,43.197793394225414,48.820609500082604,1.9794533349202372
2024-03-07,626.3119222533887,23.416749615269783,119.62733264717997,180.01803352746666,14666.189464465919,18.082191780821915,27.414229489399844,-69.18449901683302,49.43688656007736,1.9914799570540924
2024-03-08,694.6581702236274,22.825993618913433,87.10518141920491,166.37016170052942,15856.2629608506,18.356164383561644,27.619764504307284,-1.317758664241685,49.559124925508975,1.96054487975347
2024-03-09,707.1659189292349,21.879825806715044,115.4244890826432,150.67518699286825,15472.667122617231,18.63013698630137,27.81712638653861,10.718655556394868,49.636893227033745,1.9461212541813624
2024-03-10,713.3991887878442,24.892654766192003,130.8010522376533,168.38358539422995,17758.399716977237,18.904109589041095,28.006256733537636,16.488822465265457,50.03541787259937,1.9190624218254106
2024-03-11,624.7963244920415,27.91278290144934,134.93193620624118,156.34109428016367,17439.80416316985,19.17808219178082,28.187099578591866,-72.56885727833114,50.93786287015817,2.1816409171371736
2024-03-12,659.0582697271454,19.78999200440309,148.6548762932629,211.17295714915207,13042.757888335944,19.452054794520546,28.35960140739396,-38.753386474769044,50.7010030343851,2.1136885033162365
2024-03-13,738.0138673450232,20.6034931567553,171.99037116735144,138.42279493926313,15205.663665433698,19.726027397260275,28.523711173877498,39.76412877388539,50.907726566079695,2.1207199912743846
2024-03-14,737.6799984517326,21.19907743621415,111.63640575458915,182.05782389050552,15638.135410324612,20.0,28.679380315322298,39.00061813641027,51.3381827178437,2.1256867503915204
2024-03-15,749.6915467289786,23.41126108538004,159.55171302956873,162.84607644200148,17551.22453397451,20.273972602739725,28.82656276672493,50.59101135951395,52.72098045730082,2.109819890724812
2024-03-16,606.2456325654172,22.741514384280983,113.53932706441313,197.02621304373093,13786.943773393958,20.54794520547945,28.96521497443009,-93.26752761449238,53.87461956055665,2.0982800635062904
2024-03-17,805.7638945161577,23.264668349644975,101.44205210156193,159.4836068037713,18745.829774036727,20.821917808219176,29.095295909018823,105.84668079891976,58.15836035493427,2.041532817658236
2024-03-18,705.4833165326855,23.752332956852477,143.39098119709448,174.76528582187555,16756.874629788894,21.0958904109589,29.216767077449774,5.170659044276939,57.87423450687023,2.034214970658875
2024-03-19,742.0212748969476,24.23852036151303,115.42751998562996,196.128041370322,17985.49778026552,21.36986301369863,29.329592534449922,41.32181934879904,57.12935021114845,2.047125622738001
2024-03-20,738.4677498491825,22.11532553081944,105.5029481067699,185.13792279219692,16331.454681926409,21.643835616438356,29.43373889315136,37.3901753395928,56.03989450326784,1.9914269570760648
2024-03-21,723.578282215462,20.49764386528744,139.68007958496287,165.98879763998315,14831.649937508988,21.91780821917808,29.52917533497099,22.131298661312997,55.62753219568203,1.9428968398744368
2024-03-22,727.3112992255345,19.97696785882961,86.57710487560678,187.74281101221118,14529.474447992108,22.191780821917806,29.615873618730255,25.503644784886394,55.63907752435754,1.9583420955934625
2024-03-23,704.2075633487411,19.005662684992487,128.2185992952218,189.0602868068618,13383.931409226652,22.46575342465753,29.693808089012148,2.0480018350714064,54.277309377233486,2.0365509392930345
2024-03-24,626.401962148148,22.295579056524822,114.76993084871259,210.12286100469626,13965.994468236302,22.73972602739726,29.76295568375307,-76.10071956300241,55.78428055941849,1.9489434306790647
2024-03-25,695.3902104575378,22.40525434889278,145.56845546802305,198.6796728073508,15580.394537031214,23.013698630136986,29.823295941067254,-7.446784113666465,53.52739909401323,1.779950039179669
2024-03-26,572.9387321075139,20.709820475832938,130.2443936555164,171.6987884662167,11865.458285597955,23.28767123287671,29.874811005301787,-130.22375013066457,53.409144129680925,1.8029377268748992
2024-03-27,733.8895517326283,26.50594060077874,154.28331176706732,182.60977302154296,19452.432865757182,23.561643835616437,29.917485632320354,30.410422264691583,53.8887151986412,1.9515202307085986
2024-03-28,733.1843211671095,23.13555604648161,105.02814730493606,194.57517287862842,16962.626954763236,23.835616438356162,29.95130719401426,29.397397534739124,54.31334001146284,1.953152062389162
2024-03-29,694.5154601381519,24.455570040695395,110.18401263772367,172.5845492211994,16984.771479754363,24.109589041095887,29.97626568203926,-9.570394584983358,53.41751303122586,1.958770556049942
2024-03-30,685.4715076008907,21.472692625768907,143.13371531790716,174.0537703871667,14718.918986436342,24.383561643835616,29.992353710777202,-18.904407753722133,53.12937172858216,1.9671132188784577
2024-03-31,620.259053471586,25.304762041027654,126.48431497482194,192.96891833696492,15695.507751891531,24.65753424657534,29.999566519521558,-84.39804729451085,53.34399736987076,2.0353377404360824
2024-04-01,781.530246647226,19.383337313322436,179.95353119171082,219.77688012842086,15148.664391327262,24.931506849315067,29.997901973886172,76.60083782402477,55.154467476067566,2.1054309820197474
2024-04-02,781.6997087866063,22.376593954144624,119.86670965281486,167.8497738143138,17491.776977590987,25.205479452054792,29.987360566436873,76.50686876811464,55.839319523506546,2.0832015480152375
2024-04-03,722.3024707624963,19.63286855064677,137.81602979134797,135.43898996883036,14180.869462287472,25.479452054794518,29.96794541654573,16.855073291156106,55.71523620544741,2.107322884882595
2024-04-04,683.452148518909,22.557377490411724,139.4428276973797,215.06677635409946,15416.888110773969,25.753424657534246,29.939662269467952,-22.240938408093143,55.31513882599893,2.1073201144362885
2024-04-05,658.8208792549917,27.018319557707926,168.64100930820678,186.94904896991716,17800.233047001475,26.027397260273972,29.902519494641787,-47.109037499924014,55.44364401068114,2.2600777563402046
2024-04-06,796.624910358895,18.80112561497773,125.70430462099223,136.75920255724571,14977.445007677961,26.301369863013697,29.85652808321188,90.46701241266943,56.37219338399177,2.359312187539013
2024-04-07,710.2710343095749,24.991152204302146,119.5457484871216,142.98132497665426,17750.4915247377,26.575342465753423,29.80170164477681,3.893990199044681,56.34102136653861,2.4032195045329576
2024-04-08,728.4091998429768,20.543770025411714,111.47489649998408,166.30088406100327,14964.271085968277,26.849315068493148,29.738056403361767,21.821828371121914,56.48963753550177,2.4282065906255466
2024-04-09,726.6375562842736,20.805192663036557,95.59810322865977,179.2437490169233,15117.834354692382,27.123287671232877,29.665611192617654,19.848657420423034,56.59541433241217,2.4038604685798544
2024-04-10,698.6685107767621,26.071400270918453,148.7249702872001,239.5856715279029,18215.266401147466,27.397260273972602,29.584387450247853,-8.313136947458316,54.455921006953155,2.2774658210108942
2024-04-11,652.6068596516761,21.703479077121983,143.7605983407681,198.75632471456942,14163.839324036435,27.671232876712327,29.494409211664497,-54.55878243670067,54.67469079991308,2.231006484580167
2024-04-12,673.0877328186797,25.116848675039797,176.39086435103852,190.14272203996177,16905.842730232394,27.945205479452053,29.395703102875995,-34.25317576364845,54.78725312354532,2.2600515632963822
2024-04-13,692.2957586079773,22.686055956632227,134.2194162066609,188.97404209385118,15705.46031831973,28.219178082191778,29.288298332607962,-15.211717806822437,54.54322930992801,2.2464311643718875
2024-04-14,688.209053529684,23.300028710723897,107.8644779133143,203.4608186119576,16035.290706221755,28.493150684931507,29.172226683659904,-19.456323838907437,53.98580972807391,2.245079143649742
2024-04-15,727.4124123882624,25.195521360779793,101.15368375904751,178.68532666489043,18327.534974424823,28.767123287671232,29.047522503500154,19.597766597090963,50.89042913686259,2.2959681630653237
2024-04-16,627.5105196541098,24.31361551284749,143.87091486142913,164.89342118161449,15257.049505137154,29.041095890410958,28.914222694101923,-80.44479893040311,49.430858304751155,2.313665392964272
2024-04-17,728.9433521852067,24.303583684930064,122.84296842756386,154.57987966651092,17715.935761406618,29.315068493150683,28.77236670102339,20.855916991032583,49.67682755404043,2.3246471007143352
2024-04-18,764.7440399196254,23.610242229055135,106.67096738455432,149.85394667688558,18055.792025728566,29.58904109589041,28.62199650173516,56.533002321999874,50.466551437688175,2.313085037922246
2024-04-19,785.0886126525586,24.535412188541294,109.41891454350946,215.4132409969079,19262.47271596056,29.863013698630134,28.463156593198416,76.76244236073016,52.27248197245347,2.3349408816180532
2024-04-20,687.0405461654128,21.309101496828355,124.57244790606035,136.02248097781273,14640.216730675169,30.136986301369863,28.2958939786976,-21.39233411465463,52.24669480203557,2.3124566387835785
2024-04-21,659.0355844836824,20.66228903849887,127.51632863231112,180.349961846271,13617.183733257887,30.410958904109588,28.120258153931317,-49.49563257435848,52.66497343217956,2.2870147575542408
2024-04-22,807.6485594956984,21.70807143182315,107.92951088457436,135.774207329281,17532.492621341687,30.684931506849313,27.93630109236584,99.02732689648317,56.13036012481589,2.1829830590872072
2024-04-23,684.7727797204459,21.28384203352254,106.15088198705159,193.8140074195813,14574.595672426098,30.95890410958904,27.744077229855264,-23.930201618998453,54.30082739513454,2.2003410790033877
2024-04-24,760.5309340804714,24.10031633039941,118.82597637922767,157.2243873853512,18329.0360903935,31.232876712328764,27.543643448533093,51.75441391960954,55.12708955423024,2.209916318313223
2024-04-25,732.7309474702411,23.243817375701713,140.64542587026554,170.6462561444625,17031.46432852317,31.506849315068493,27.335059059979894,23.88903909519265,48.90377602537125,2.1706119643424358
2024-04-26,727.7178203493111,21.18847196594071,132.39151151391923,214.54101207781443,15419.228635586856,31.78082191780822,27.118385787672032,18.818612643830786,48.83122128171731,2.0904377194273995
2024-04-27,654.7183897240034,21.789405083518247,121.0249343835888,186.21732051184807,14265.92420932508,32.054794520547944,26.893687748716726,-54.23009254526136,49.86104592668114,2.0980203763446843
2024-04-28,588.6268808599888,22.498895910711425,128.51691104632667,217.6491769855391,13243.454922715622,32.32876712328767,26.661031434878744,-120.36291769817764,54.6201108586178,2.0744857600656594
2024-04-29,749.9581248525307,26.755776537267693,121.62560900211031,266.2237806640602,20065.712000862615,32.602739726027394,26.420485692904425,40.934899433598844,54.974958991791645,2.186440516226821
2024-04-30,609.1962173177263,24.72151739357958,126.29776802682366,153.76473340479524,15060.254882523057,32.87671232876712,26.172121704148836,-99.85261671518961,55.631181411210484,2.1667607205967587
2024-05-01,684.0028495025854,22.897811078903857,133.73337129263925,183.91085717406708,15662.168025342107,33.150684931506845,25.916012963512046,-25.063848392433417,54.116452806331495,2.0641252405373383
2024-05-02,693.1949717121819,21.31121438622859,127.784216903571,159.67220779694048,14772.826653613969,33.42465753424657,25.652235257690798,-15.88192107975539,52.251664653576114,2.084123504281008
2024-05-03,745.0022209635863,24.114122414049334,159.12668182566998,209.25511922465793,17965.07475505455,33.6986301369863,25.380866642752018,35.922724183848025,52.696169843437545,1.996542038082946
2024-05-04,695.2717909152557,22.418647006645894,117.62648251634958,212.9115731032108,15587.052854207626,33.97260273972603,25.101987421034764,-13.802799245505101,52.57950628591652,1.9980133117588574
2024-05-05,726.8703949973559,20.990582312122488,156.00735705041978,190.0045454110641,15257.432856436984,34.24657534246575,24.81568011738749,17.80813953750257,51.99996034589002,1.8905807357350302
2024-05-06,739.2761261454713,21.496262508164218,128.67879600536028,190.9484203883567,15891.673673641775,34.52054794520548,24.522029454747567,30.233548745518167,49.58561023762911,1.7477799438165118
2024-05-07,759.3823435772367,19.812498527123168,130.91656167672647,159.83617615158374,15045.261563647342,34.794520547945204,24.221122329070475,50.366700700221045,50.56720039277956,1.7982144422095028
2024-05-08,660.9091002334231,21.802476606770536,149.7912851521994,255.83751273328352,14409.455197040972,35.06849315068493,23.913047783615827,-48.07244070087772,51.06352112425669,1.7575886250467885
2024-05-09,743.6742279025782,24.51938462693629,122.54292856344125,154.4154253967209,18234.43443108319,35.342465753424655,23.597896982598062,34.733865166555496,51.41324331592627,1.7386989411503702
2024-05-10,682.5653462960263,22.354117930781694,141.5341369374343,187.2753066595234,15258.146246566217,35.61643835616438,23.275763184209485,-26.326855244347552,51.56478958498066,1.6406322713826098
2024-05-11,731.6448412607747,23.9055034183802,94.42700115842523,183.34470366521825,17490.338253799688,35.890410958904106,22.946741713023673,22.807688588846883,50.84129726087892,1.6364466047932276
2024-05-12,751.4359550983188,22.93774791852164,162.03279160265157,143.15729729775956,17236.248514958785,36.16438356164383,22.610929931787418,42.66064160488763,51.049210737277576,1.5836104293275208
2024-05-13,776.4300912263413,20.536191556520755,132.43710194273618,179.47215565487076,15944.917083671031,36.438356164383556,22.26842721260946,67.72330784934826,52.35739070576505,1.6393625518489703
2024-05-14,657.2384726672609,24.783863126427583,121.75443093425734,214.51446288548902,16288.908348007712,36.71232876712329,21.91933490755475,-51.39319100741713,53.15118455530145,1.6773132206473704
2024-05-15,735.9525189814873,21.707958509631805,125.53756474827735,141.5414178604113,15976.02674710914,36.986301369863014,21.563756318652697,27.40246129297156,53.26254905827016,1.6283313879359758
2024-05-16,748.888866495708,26.511195466016652,120.5462890101239,107.09728733696011,19853.939121991363,37.26027397260274,21.201796667328473,40.42679585577688,51.2173195755871,1.7475415019601384
2024-05-17,641.7499821774777,21.57713365549375,130.08252493408142,184.53356903740791,13847.125138854168,37.534246575342465,20.83356306326629,-66.61782746113104,52.889499311353184,1.7371748244679075
2024-05-18,713.6586322634312,24.409691889777818,135.1028304729812,168.7054947387522,17420.187328030606,37.80821917808219,20.459164472713887,5.391248612635248,51.975346990190204,1.757586964637546
2024-05-19,637.4876495242994,23.09350683280337,143.6345084017251,129.37329408984905,14721.825390117168,38.082191780821915,20.078711686237703,-70.67325394276016,51.719359786144885,1.725927674556914
2024-05-20,655.3738740496701,22.47754706328759,155.1729888026456,194.15623231413122,14731.197098000575,38.35616438356164,19.69231728593814,-52.67460761982961,52.442399290562165,1.706972046091916
2024-05-21,780.9161299916395,23.03017879463064,121.41291071139625,159.54838265001325,17984.638097318482,38.630136986301366,19.30009561213475,72.9858973932034,53.45675952073547,1.662698644487071
2024-05-22,631.4744956805034,23.419789840147278,106.90883554883922,202.04365852749908,14788.99997825038,38.90410958904109,18.90216272953106,-76.33177663806869,51.92680558500621,1.6533053749687914
2024-05-23,743.2977338336299,18.062263177352655,149.8205497932072,185.02543706318798,13425.639287632848,39.17808219178082,18.498636392869148,35.621015248979944,52.30261420641238,1.8516856664727843
2024-05-24,714.8684044649939,22.96570477937352,144.31489739095764,170.3899850481199,16417.456733044834,39.45205479452055,18.089636012084142,7.326713658389153,51.29477954399535,1.8346407000193345
2024-05-25,795.6459101628745,26.305409723500816,120.24389839811836,204.19682904615485,20929.791661662137,39.726027397260275,17.67528261696889,88.24460014864538,53.74660817647701,1.9470053170202726
2024-05-26,726.7210066785668,19.986832189468902,122.9558050452357,168.24686357161232,14524.850809046424,40.0,17.255698821359324,19.46530785720744,53.73294914221609,1.9933895362558591
2024-05-27,642.5297008499504,22.689277261519727,122.79392985805698,200.08454194648903,14578.534531345851,40.273972602739725,16.831008786851033,-64.5752805396404,54.17712886289678,1.984828819788607
2024-05-28,705.9266197313648,20.928547013782104,108.49506536538026,168.17476440150517,14774.01844932815,40.54794520547945,16.401338186057817,-1.0226636601724552,49.485496896875645,2.0136263180334257
2024-05-29,721.2559789294452,23.73906098779383,139.443179138378,156.08178316314303,17121.93967161704,40.821917808219176,15.96681416542319,14.467246955802826,48.94788753212207,1.8774455970265924
2024-05-30,667.5634564333075,20.524103695378926,136.59198268407457,113.46252284467349,13701.141603082775,41.0958904109589,15.527565307595667,-39.05999928524704,45.93633642870222,1.8741611590201543
2024-05-31,725.9918083355977,24.177575305399458,141.99000899506993,195.42676103578194,17552.721617137046,41.36986301369863,15.08372159337913,19.53822372852005,45.74547293099638,1.8977028072557642
2024-06-01,673.6325375888549,24.63885708127019,147.76333585040354,181.70461303625578,16597.535818945165,41.64383561643835,14.635414363269357,-32.64671239085266,46.15651897810275,1.919743349217932
2024-06-02,650.2998431923334,22.016370546222028,154.59873617113763,176.69677381249156,14317.242313872492,41.91780821917808,14.182776278588328,-55.800741305433064,46.98802249413355,1.9032309163569263
2024-06-03,739.8941785581426,21.643398273253062,112.02241182888471,181.70075494990488,16013.824386595295,42.1917808219178,13.725941282227536,33.976456453997386,47.27883515321286,1.9109405705731013
2024-06-04,707.49200344574,18.0,155.73930338607346,184.2587730838342,12734.85606202332,42.465753424657535,13.26504455901216,1.761205462070321,47.16441757975067,2.06764887554334
2024-06-05,688.9728339790233,22.206507989325882,111.67291986355654,174.17611222825462,15299.680742183677,42.73972602739726,12.80022249569774,-16.56711454407169,46.93620174254703,2.0601865018005183
2024-06-06,702.4658410694647,25.55035163852178,119.8870775118983,191.6826340297918,17948.249253374775,43.013698630136986,12.331612640611052,-2.8794702012833806,45.888461846204834,2.0691661527621923
2024-06-07,565.6986528524037,22.73719605877977,125.55240466394419,153.39757635994673,12862.401180092698,43.28767123287671,11.859353662947452,-139.44837204342048,51.949340399446704,2.0624712633868127
2024-06-08,718.8036042027383,22.70649404052968,128.1150057508256,164.8008741167576,16321.50975514073,43.56164383561644,11.383585311736331,13.858375055385567,51.45789245804352,2.034129306379493
2024-06-09,735.229566561175,18.0,115.0144805653168,124.52526003099754,13234.13219810115,43.83561643835616,10.90444837448719,30.489501748331698,51.69815195594736,2.204472809134754
2024-06-10,706.7720965513895,21.395286848368254,106.60766231390939,151.5690063267607,15121.591742139603,44.10958904109589,10.422084635528321,2.2404228747652963,51.420822825424196,2.1972640878802996
2024-06-11,678.4152205248556,19.88201268180891,145.3007239313598,158.87618756921563,13488.260018007368,44.38356164383561,9.936636834050596,-25.904977953030546,50.72963551480085,2.2430380897816997
2024-06-12,680.963541377147,19.589915748849705,88.26002684414613,174.45640820737452,13340.01840361664,44.65753424657534,9.448248621868558,-23.142241491296843,48.70349846561777,2.275456527142368
2024-06-13,720.1870229225696,21.993832384984902,144.89079435379824,154.28247590577692,15839.672668000274,44.93150684931506,8.957064520911606,16.298451552342982,48.30779739751462,2.2265845019154287
2024-06-14,697.5525584164241,20.0384291622665,130.28055311519338,159.39633093193189,13977.857528785278,45.20547945205479,8.463229880457583,-6.116150916088295,47.790029985346884,2.2598921714674325
2024-06-15,714.6604611943368,21.643483024051946,168.9165145657945,206.17631330958406,15467.741559820763,45.47945205479452,7.966890834121678,11.214118305420543,46.9171349124659,2.1048952024690064
2024-06-16,764.9231090045764,25.21311228060859,119.84904833118223,153.77410548478497,19286.09223336459,45.75342465753425,7.468194256612997,61.7014900904293,47.376607153761455,2.184032931055404
2024-06-17,682.6138283186718,23.41942123047696,173.74727970291175,149.90488424019446,15986.420783143458,46.02739726027397,6.967287720272105,-20.380856661874255,47.4135482401647,2.155248422601268
2024-06-18,727.5859996630569,21.913266546471434,125.40594192243893,181.88811783241957,15943.78594609744,46.3013698630137,6.464319451401904,24.820310348641257,46.2042929045845,2.146660075563802
2024-06-19,697.2845343171425,22.07818939467167,133.94831075164504,182.9684843852047,15394.78001062931,46.57534246575342,5.959438286405134,-5.250246435016049,45.36380193661751,2.1450254303074168
2024-06-20,670.1997959871715,21.653242451580965,106.25966807856582,176.67150242936853,14511.998673510323,46.84931506849315,5.4527936277412605,-32.10231270906299,43.31904200621693,2.1373048573958164
2024-06-21,679.0909604612734,25.91244709238368,138.09665034254752,165.25026881836664,17596.908583868764,47.12328767123287,4.944535399715938,-22.97686260967538,41.55964934359306,2.2414973207180444
2024-06-22,741.4569254555944,22.154249893470205,98.47687680340627,172.6791417761886,16426.42201178735,47.3972602739726,4.434814004115914,39.624851177505846,41.49719989830865,2.1109362716650426
2024-06-23,678.0054811997993,19.8078216744017,114.80428648071357,147.61561279860098,13429.81166587254,47.671232876712324,3.9237802757027764,-23.589531952615875,41.632940601521604,2.149311811801399
2024-06-24,683.0524973425386,23.84428141843928,111.49550338687996,154.18234933506545,16286.895970203239,47.94520547945205,3.4115854375784904,-18.304293574492032,37.619265175063134,2.0260981150408233
2024-06-25,714.6449074646657,27.111212380768702,117.5685618806894,208.19856381389764,19374.889863109347,48.219178082191775,2.8983810564360932,13.527348326037869,37.3484644770537,2.192362907595366
2024-06-26,654.3227049050547,24.324278456623286,116.14681245581964,157.45873795250563,15915.927674601498,48.49315068493151,2.384318997708629,-46.55476477758549,36.82349587254051,2.2240037795183074
2024-06-27,631.745332439568,22.44596483876094,60.0,205.20284926824783,14180.133518989884,48.76712328767123,1.8695513806297523,-68.89134222873307,38.61561134326837,2.2090655686686187
2024-06-28,672.1001035533097,22.6717526158537,119.63390953269999,171.18918725498264,15237.687280850292,49.04109589041096,1.3542305332191578,-28.29522287032036,38.462932753768186,2.194391573460781
2024-06-29,712.3586632993326,25.73592451404992,105.29642869435845,100.0,18333.208785601128,49.31506849315068,0.8385089472063095,12.205085858975718,38.3352977795353,2.253654407015247
2024-06-30,706.7225506379101,22.349128391665417,137.4914766742978,127.68629746248284,15794.633021491916,49.58904109589041,0.3225392329056579,6.810970309114069,37.93809114176912,2.2308688288854768
2024-07-01,600.5517924176141,21.288450303438704,145.27267362538979,146.171075151046,12784.816987523416,49.863013698630134,-0.19352592594315451,-99.11769535507281,41.42630859701486,2.1997372189577264
2024-07-02,762.6214490533472,23.560322444424628,156.99376011501462,193.7756191082848,17967.60724273121,50.13698630136986,-0.7095338173569475,63.193996569334246,42.69581794126024,2.210643696886031
2024-07-03,728.8477720661703,24.22389052792191,119.46123940495025,198.38468682686667,17655.52864205069,50.410958904109584,-1.2253317462988833,29.662144908359533,42.33737490586252,2.2318075903193852
2024-07-04,686.3402175067088,20.710997763656025,126.26911806895714,194.29341593927805,14214.790709888635,50.68493150684931,-1.7407670798634105,-12.603946920277181,42.28409806882482,2.096249409897402
2024-07-05,697.7402390628436,20.626521855055543,119.63988909290146,189.5033043257555,14391.954290181422,50.958904109589035,-2.2556872924427567,-0.9629777543027275,42.28222056832613,2.1245404920826427
2024-07-06,691.3427440194071,24.112852949140777,139.0755477859901,167.79540540006155,16670.245923995437,51.23287671232877,-2.7699400108617365,-7.120192682059918,42.25205287732615,2.0685173588544146
2024-07-07,631.7566550483409,25.70965263892775,134.2967271237199,189.25292620383493,16242.244153623746,51.50684931506849,-3.2833730594674666,-66.46682120726005,36.72797738743895,2.152809275056949
2024-07-08,696.2459604376877,20.906032855492747,117.29631956746866,160.79754412037204,14555.740924414402,51.78082191780822,-3.795834505160494,-1.7390269749599778,36.46645690427586,2.1729297573430606
2024-07-09,683.1015625935551,24.25730569775504,123.96549620747258,158.04026213613,16570.203426446013,52.054794520547944,-4.30717270235434,-14.646059224638494,35.70986349469146,2.0235290628205025
2024-07-10,700.2243227223746,22.795487968281076,110.29650168884578,199.9638729175711,15961.955123715656,52.32876712328767,-4.817236337849813,2.712791936936788,35.64340971874328,2.008831780325565
2024-07-11,730.0755064594728,22.86407517716496,136.2088863211821,248.41416135783788,16692.501264696166,52.602739726027394,-5.325874475611049,32.798641209056434,36.16416195293657,1.935357592602667
2024-07-12,730.9292881674679,21.588900258962887,128.83355109350018,152.7863974033914,15779.959498602208,52.87671232876712,-5.832936601429858,33.88551244013065,36.6611385877588,1.852530830919808
2024-07-13,692.1242290041071,20.637562131673775,129.41659671288264,172.6863971356481,14283.756778909068,53.150684931506845,-6.338272667465379,-4.688183259934323,36.38699661284213,1.8915082666670062
2024-07-14,764.7120083143305,22.348222930209992,95.20632414610543,130.66128657228543,17089.954439217257,53.42465753424657,-6.841733136645594,68.12908391672966,38.530564089677085,1.8185839811855962
2024-07-15,649.7948052948383,18.36213934652938,110.11627517265656,198.5886802392655,11931.622761474746,53.698630136986296,-7.343169026917787,-46.56065581523019,39.35027408432543,1.9893098991627347
2024-07-16,629.8448968384052,20.1234124964056,89.72100970782951,179.34007533596596,12674.628667835259,53.97260273972602,-7.842431955334686,-66.28527394598606,38.847770540245094,1.995282549138876
2024-07-17,716.9594823526667,24.133021661907964,136.50311218675398,101.63657150575216,17302.398718327226,54.24657534246575,-8.339374181963404,21.052281192164234,39.09997878970862,2.0089629380160794
2024-07-18,653.7108353002808,20.252020738996286,123.74276114650054,182.10367558745074,13238.965393807872,54.52054794520548,-8.833848653604036,-41.975863991320665,39.11168970224381,2.0530943618794275
2024-07-19,658.7646069002683,22.60374052181538,129.56383507279344,153.76842399991796,14890.544239329372,54.794520547945204,-9.325709047305109,-36.704204600371845,39.4811513714631,2.050555591945312
2024-07-20,617.4283930116518,22.93512878883041,125.3160334470647,115.15898353974009,14160.799711602833,55.06849315068493,-9.814809813662853,-77.82529032537039,41.44284975708832,2.042686502942128
2024-07-21,627.0586707006199,21.75105235317215,128.13522451529235,164.00124180448407,13639.18597491972,55.342465753424655,-10.301006219891642,-67.98278883291314,42.831476199956114,1.955016341562945
2024-07-22,693.3278663699067,23.654126288136545,136.78124059134495,148.55871865279553,16400.06491019803,55.61643835616438,-10.784154392652695,-1.5044175936050457,41.51813262790116,1.963938024087063
2024-07-23,758.5682381943864,21.931101579353516,120.74014966458962,166.61793697614948,16636.23708671232,55.890410958904106,-11.264111360628606,63.941938596110894,43.71676122633876,1.8973019293002154
2024-07-24,721.206950007872,20.23413296988803,133.3502945171254,148.96022132714094,14592.997325266671,56.16438356164383,-11.740735096830777,26.78330154305896,44.18355195528462,1.9338620239369935
2024-07-25,635.8502438518539,25.27131607835186,86.76585978863056,144.7692708532182,16068.772490877305,56.438356164383556,-12.213884560627548,-58.37422775190211,44.831361153931795,1.809096270466642
2024-07-26,745.3331113680831,18.530201880667907,79.52902507142089,171.1747119450777,13811.173021996916,56.71232876712328,-12.683419739480318,51.30420234044014,45.78481068807474,1.911812988040977
2024-07-27,776.2032727947495,21.97554542586515,138.90129925672346,207.98665846587755,17057.490281006216,56.986301369863014,-13.149201690375577,82.36617311526204,47.282095373415736,1.9123945546673742
2024-07-28,696.7750318184615,23.14333247302498,134.79350865283058,174.54436763596084,16125.696220277212,57.26027397260274,-13.611092580940326,3.125850426799047,47.13125926312826,1.917728924502554
2024-07-29,742.4293046132407,18.845862584325417,119.91305363306583,194.210471413363,13991.72065331741,57.534246575342465,-14.068955730228955,48.964013768127245,47.866407416488634,1.9029861288611583
2024-07-30,639.1142229174768,21.48929095373899,105.7987504676376,232.98503423575647,13734.111488946459,57.80821917808219,-14.522655649169277,-54.1713406114361,48.83912006495057,1.9049167895792898
2024-07-31,775.5737377191649,20.445683671163223,152.01042101827545,167.50787043942663,15857.135305067759,58.082191780821915,-14.972058080655957,82.46360401899898,47.98889740995045,1.9223467280111695
2024-08-01,613.8602864816111,18.377694683786377,115.73349747628484,194.74061477126781,11281.336923460685,58.35616438356164,-15.417030039279307,-79.07884786267131,48.73982376894862,2.008311902519157
2024-08-02,633.3452261946304,22.49685568983236,94.76642498808188,149.9162103667179,14248.276155544832,58.630136986301366,-15.857439850677876,-59.42747094099312,49.42108624743628,1.9614726564611056
2024-08-03,604.3822825771545,22.501355718769094,117.27098997956708,175.95214766900585,13599.420730390173,58.90410958904109,-16.293157190502953,-88.22866982138372,51.817956062464546,1.9553537445072673
2024-08-04,749.129080521948,23.211076807805288,125.92780969772357,151.88022850377163,17388.092626955488,59.17808219178082,-16.724053122983676,56.67505145315089,53.023141097726906,1.9574311416370522
2024-08-05,643.3811901489556,21.676409227717013,110.76385188054685,194.77370314311133,13946.193967084375,59.45205479452054,-17.150000139081158,-48.92086450648377,53.65806247495596,1.9131960863728152
2024-08-06,648.4119089914459,23.165885995317296,121.90365510980389,244.23211145885938,15021.03636170189,59.72602739726027,-17.570872194220524,-43.74324621159384,53.150101203171474,1.7878149528760257
2024-08-07,609.6833208817961,24.26069662365826,91.94574234840186,195.59414099217454,14791.342084417745,60.0,-17.98654474558947,-82.33013437261428,54.98237359246961,1.8374137997613789
2024-08-08,727.0985872636813,24.0575285600171,127.01219304489145,176.60457461269587,17492.1950290441,60.273972602739725,-18.396894788992505,35.22150944993419,55.52211427506485,1.8287753178060673
2024-08-09,641.247249438877,21.685410971549125,112.58573670651238,123.91439480959318,13905.710138457522,60.54794520547945,-18.801800895249904,-50.49889487135245,56.04918601094185,1.8203095101824056
2024-08-10,688.6785294512721,23.478907550630314,109.37813957815055,171.97125532062847,16169.419525090454,60.821917808219176,-19.201143246130506,-2.942245110816562,55.38675663830883,1.8358826744394467
2024-08-11,676.5777929372191,23.72166639661991,79.66076534727205,169.47230842196416,16049.552695418093,61.0958904109589,-19.5948036698079,-14.92329380393188,54.64312680461118,1.866899414570935
2024-08-12,693.389117354585,20.900524112065614,113.68889375951622,125.44064375940118,14492.195966313397,61.36986301369863,-19.98266567582931,2.001920016715589,54.65247819446472,1.8613280488384354
2024-08-13,662.1207658288805,23.0811852931946,112.60455021282361,169.16128712950854,15282.532082568303,61.64383561643835,-20.364614489587066,-29.158455297970757,52.40110129686002,1.8719396245527933
2024-08-14,717.3185718968457,21.56691877648864,78.00057286979688,208.23981893647021,15470.351376966099,61.91780821917808,-20.740537086282213,26.141300763949822,52.61349594577289,1.7478632624669592
2024-08-15,750.7682400292758,23.063541036676046,123.54861802457735,135.15148363359955,17315.374112948255,62.1917808219178,-21.110322224370382,59.68678143172854,53.27496320514944,1.7182882554660432
2024-08-16,683.5752534465242,21.539727567092545,108.05965323424252,105.91129658380285,14724.02473084437,62.46575342465753,-21.473860478479924,-7.416639499653494,52.90851068482351,1.6797849138236371
2024-08-17,634.470305379715,18.839835594052907,113.17072398571554,150.17987530784723,11953.316242662373,62.73972602739725,-21.83104427179271,-56.438376375889575,53.38786010478141,1.7505403024036361
2024-08-18,698.0384807377413,21.95245751172323,101.13232807283775,160.8065013884832,15323.660089943101,63.013698630136986,-22.181767907877724,7.206550015482149,53.27556898264795,1.7470160472997425
2024-08-19,801.4431213107632,24.545238703002983,116.15424785658416,181.90995769681626,19671.61271945246,63.28767123287671,-22.52592760196847,110.68137767985485,55.93553627149998,1.800865529725282
2024-08-20,690.761973081713,19.851095990047572,109.4191416533214,151.93829697635502,13712.382233919741,63.56164383561644,-22.86342151167446,0.0637507577710407,54.673915977122206,1.8444932893106334
2024-08-21,655.9269149689253,19.828275904320805,110.00738763209438,210.07599179418068,13005.899843073823,63.83561643835616,-23.194149767118077,-34.714551702312725,55.0613960318053,1.8571943317815756
2024-08-22,619.2628820578387,20.241627762550507,108.90239772147116,118.66054619915911,12534.88874577899,64.10958904109589,-23.518014500487602,-71.32869248276947,54.99605076370198,1.8802980304517127
2024-08-23,711.5200525681788,23.979612842897858,129.24842461467085,167.42583486198825,17061.97539054326,64.38356164383562,-23.834919874997976,20.971410799341164,54.809393805556084,1.8970614743315435
2024-08-24,761.0682986286996,18.926221229122106,113.76223128235374,171.02048008270503,14404.146990318337,64.65753424657534,-24.144772113250355,70.55553649537464,55.657587300334285,1.864445784468059
2024-08-25,719.4636805709009,23.12393870083025,71.93879825413492,143.9709883365727,16636.83404699523,64.93150684931507,-24.447479524982374,28.979653246568184,54.96192310634394,1.7808258345550323
2024-08-26,692.5727416876812,19.71714678553412,150.6899155452771,165.5084616962198,13655.558407515815,65.20547945205479,-24.742952534200843,2.1102147698272335,52.440778501757656,1.8232544196834854
2024-08-27,667.291633630773,22.211833713250762,106.63238769726283,168.262384461204,14821.770804450181,65.47945205479452,-25.031103705688615,-23.156714718332815,52.50900635732462,1.8072830383726421
2024-08-28,616.3068194509946,21.211292285568256,108.91934161626273,140.81069766707444,13072.664084963988,65.75342465753424,-25.311847770878135,-74.13475743566156,52.805789534328156,1.7255370279278026
2024-08-29,693.544111376619,21.462373479394245,125.86244049293818,177.14398319151817,14885.102742799594,66.02739726027397,-25.585101653083782,3.1018157694287565,52.254212238524076,1.7257317506108385
2024-08-30,780.8295174037662,20.886993842517317,103.81980162296904,168.4147452647824,16309.181322068232,66.30136986301369,-25.850784492085566,90.37893203283816,52.58418685410266,1.7153089328112827
2024-08-31,625.8372291532797,19.309977378342573,123.04917092398313,158.015197596025,12084.90273747443,66.57534246575342,-26.10881766805702,-64.62929564441677,52.08544836304217,1.6576693263044056
2024-09-01,719.9366673704073,23.132110516639788,102.85222111674392,138.96905614834958,16653.654554593602,66.84931506849314,-26.359124824830005,29.44647712674421,51.62187834635536,1.669791740527384
2024-09-02,703.6975029390802,22.728915231403978,104.61977729628492,226.9548783416258,15994.280892853005,67.12328767123287,-26.60163189248979,13.175847160337073,49.33208122706926,1.6731107674138168
2024-09-03,654.8073287996128,20.824937393005484,74.07140483066395,182.00557525336626,13636.321626733094,67.3972602739726,-26.836267109293487,-35.75366436506626,48.39386121586455,1.6659237376079856
2024-09-04,783.2968301262507,24.42233524656462,139.8008326799084,182.60163465942423,19129.937782914672,67.67123287671232,-27.06296104290551,92.68855829244387,50.79727967263667,1.7312124216998779
2024-09-05,702.2323150397443,23.739061551262978,118.78224154524831,156.74390786684913,16670.336150014384,67.94520547945206,-27.281646610943774,11.568756171235997,50.18936339459914,1.7484681168064784
2024-09-06,601.1755524066036,22.832904367856436,104.69667399548639,215.36554001749764,13726.583896393246,68.21917808219177,-27.492259100830374,-89.55136657475786,50.69643871493201,1.702021852450265
2024-09-07,763.5330241085799,22.042366809319965,121.59665157285151,150.31452717940286,16830.07498843066,68.4931506849315,-27.694736188941114,72.7346096125894,51.97476825368496,1.6528045592719118
2024-09-08,702.4286577585249,19.993546113852872,128.45403431371284,173.56703916177983,14044.039760586844,68.76712328767123,-27.889017959048086,11.550552429901748,51.03795071721409,1.6863708394541574
2024-09-09,663.9745449790071,20.044066922081164,121.01713197964045,191.82792296306215,13308.750214117608,69.04109589041096,-28.075046920049825,-26.991503991354023,51.353944150547605,1.6830771742684703
2024-09-10,699.4225056993363,20.370403567719077,120.9277201970359,176.6909267500013,14247.518705440776,69.31506849315068,-28.25276802298385,8.360205229169523,51.24205397617113,1.6522758867342744
2024-09-11,727.4506786902865,24.292871402067064,86.00030024456912,148.84333171303481,17671.865788769537,69.58904109589041,-28.422128677316536,36.28376627171269,51.566169316834376,1.721243249567812
2024-09-12,621.3502698368566,21.902292656179085,116.07112766628575,165.4875720494397,13608.995451962677,69.86301369863013,-28.583078766505533,-69.92966509526794,53.028241194221486,1.700987143842438
2024-09-13,701.7414160062698,22.939629565524395,120.14005375595207,213.99060009663654,16097.688133970381,70.13698630136986,-28.735570662830007,10.340000367729864,52.88272451400424,1.717903950564091
2024-09-14,715.1433126774836,21.48797709834898,141.47138628870877,170.84776314432563,15366.983124851191,70.41095890410959,-28.87955924148446,23.61191301485834,51.97773106020817,1.6976453819677888
2024-09-15,634.4959171641796,22.763331324969208,69.61253193061805,100.0,14443.240786748436,70.68493150684931,-29.015001893931938,-57.174012448737784,53.06949980732122,1.7104819901237327
2024-09-16,624.0647656554023,23.518480212478984,81.39641147632014,182.0269709648106,14677.054842371914,70.95890410958904,-29.1418585405125,-67.75227991367419,53.49147581664402,1.657569883111015
2024-09-17,647.800531257847,23.388390314346847,122.0939659506944,147.77278392887763,15151.01167089977,71.23287671232876,-29.26009164230351,-44.17225381217831,54.07117968289124,1.6823883728471056
2024-09-18,757.31449563156,20.997882164069328,116.48083861811408,127.66501759003391,15902.000540413093,71.5068493150685,-29.36966621222796,65.17731252871937,51.47508491038659,1.6100618315304527
2024-09-19,679.937607236044,20.74411437158393,119.52238068102425,181.8629517563497,14104.70349004561,71.78082191780821,-29.470549825407712,-12.372664856356584,51.4974006573859,1.5819629274703282
2024-09-20,728.3480121451393,23.096587124125975,104.92567385230022,151.57984090751216,16822.35331919417,72.05479452054794,-29.56271262875857,35.85593025334991,51.627337084188405,1.5560418276353905
2024-09-21,721.7315152272384,18.927355704438448,113.02680937059606,171.9494802717094,13660.469111809276,72.32876712328766,-29.646127349824265,29.048875453775057,50.108034532942476,1.6208462631876164
2024-09-22,688.1673234204758,21.970606561683798,132.48594208395696,193.196940180479,15119.453511478281,72.6027397260274,-29.720769304846826,-4.7146470007047085,50.00901167462555,1.5698392738121927
2024-09-23,674.4115676018672,23.67250570443364,125.20741326707434,201.24996186740248,15965.011681191234,72.87671232876711,-29.786616406070888,-18.67852832082906,48.437606686460555,1.511764253784643
2024-09-24,681.7749081932371,21.416767573072182,74.60083245871215,128.38944949242352,14601.414745927184,73.15068493150685,-29.84364916827981,-11.532127569989795,48.14596023806874,1.4971456849576281
2024-09-25,723.3968413236073,23.924072692018946,124.96724275281302,193.00274292697034,17306.598617002877,73.42465753424658,-29.891850714561695,29.864034503922444,48.54865533597085,1.4856868286610474
2024-09-26,682.8070539296072,21.729434136251015,120.57768988566693,157.9887403788568,14837.010906130994,73.6986301369863,-29.931206781303505,-10.96036942607553,48.37874995265371,1.4860211051255037
2024-09-27,658.9301940430287,20.810839096777052,131.11412687104112,166.8696607272895,13712.890244237551,73.97260273972603,-29.961705722411917,-35.08070297428541,46.71599217675894,1.4950511094043781
2024-09-28,596.229241692455,23.636227763344785,134.03182322491526,181.58490031646915,14092.610155809214,74.24657534246575,-29.983338512759577,-98.03399513725114,49.884817318614346,1.521588129355029
2024-09-29,749.7740384701024,22.599962369188752,121.16309110511853,182.26365143344597,16944.865054818994,74.52054794520548,-29.996098750855776,55.24958927575264,48.204772394282614,1.5084632930193713
2024-09-30,754.2836701457127,18.825393678476974,82.2632873782598,158.25816854163736,14199.687035739511,74.7945205479452,-29.999982660740773,59.48913225850825,48.21205637181466,1.5416938128894548
2024-10-01,689.1997768332694,21.11651601948177,157.25595060546516,200.48556235973956,14553.498128122996,75.06849315068493,-29.99498909310315,-5.873727224312397,47.92632898503655,1.5387428610586897
2024-10-02,744.6629260167182,20.985951035650483,83.7601771149949,110.1404219903822,15627.459703451066,75.34246575342465,-29.981119525619906,49.30157978891342,48.87197315829255,1.5441564591535195
2024-10-03,705.5229759878049,22.118469921162934,92.82445761917037,182.0973380426385,15605.088723075622,75.61643835616438,-29.958378062519202,9.864915694159647,48.39938418649175,1.5291470527040658
2024-10-04,657.9825900961498,20.74203350755614,115.1111003949971,157.36837940978918,13647.896931162917,75.8904109589041,-29.92677143336584,-37.98104942938852,45.77713488971853,1.4756630138586486
2024-10-05,744.4929858039642,22.337544975445184,82.29332873874588,176.9336054861166,16630.14555429952,76.16438356164383,-29.88630899106989,48.214911233390225,46.80596979215451,1.4367001818360827
2024-10-06,639.8771527237229,25.989806564847314,123.64847681695113,174.35452620454217,16630.283424554822,76.43835616438356,-29.83700270911901,-56.72420073154154,44.720802473516784,1.6162530745727364
2024-10-07,714.8736143293864,18.0,106.21956513609449,129.45583869395531,12867.725057928956,76.71232876712328,-29.778867178035284,17.940152740298437,42.90790095146236,1.7692229640899968
2024-10-08,701.8921752970941,22.116991857238467,97.9912365364952,213.16365640298676,15523.743525705226,76.98630136986301,-29.711919601057673,4.617793528288727,42.903107971439404,1.736153991965825
2024-10-09,758.9727853516197,24.237758927806293,97.97004152229829,146.8635436538537,18395.79940411823,77.26027397260273,-29.636179789051287,61.34869116806825,44.3193919625149,1.7518092908926501
2024-10-10,768.9185729882898,23.70183362816188,119.99751584557491,153.0821236291529,18224.78009057209,77.53424657534246,-29.55167015464504,70.93599656759245,46.37047300496463,1.7490915544456431
2024-10-11,638.1773107322738,20.94517472180924,133.9742398113735,178.38376984298367,13366.735276781823,77.80821917808218,-29.45841570559938,-60.172492740209016,47.17451200445811,1.7129627021603742
2024-10-12,690.0031190830658,21.636960334847483,141.34953347715972,187.14372230083123,14929.57011852134,78.08219178082192,-29.356444037406092,-8.722628660349969,45.17449020505466,1.7142837058631486
2024-10-13,590.2065188160016,20.11853738668833,112.35692704737124,162.99780233995875,11874.091914666897,78.35616438356163,-29.245785325122377,-108.90386024243774,49.09112592961252,1.7388780245726
2024-10-14,712.3566165745767,25.424247335923315,138.32150463816595,163.18030093987468,18111.130811173527,78.63013698630137,-29.126472314441507,12.852951902716741,49.048663804935366,1.8502095801690221
2024-10-15,636.6699787225807,23.02252956802401,105.77184305861276,155.0035579055826,14657.75341021383,78.9041095890411,-28.998540312002916,-63.23559055445759,48.9622716899485,1.8542572588911128
2024-10-16,703.284280191047,24.915888083887452,104.49187413802348,157.41565080295447,17522.95241639747,79.17808219178082,-28.862027174944355,2.968225174210535,47.273991792506486,1.9089449236546234
2024-10-17,774.9838818845222,20.63887068196167,110.69738173919868,219.51097519343938,15994.792118819312,79.45205479452055,-28.71697329969936,74.24880038970102,48.60408358346301,1.911206248062004
2024-10-18,615.7469646912615,22.995058007710792,120.17301298762368,136.59720950619277,14159.137171147408,79.72602739726027,-28.563421610043306,-85.41564109595546,49.60641276382083,1.9093972744713028
2024-10-19,678.8804991581034,18.775246010131774,78.64364683897136,200.11212414693202,12746.148383174446,80.0,-28.401417544391585,-22.718083297504972,49.61730695718584,1.989069068470546
2024-10-20,762.8235328844676,23.40442081528351,90.85210685962662,200.19684444385518,17853.442971429336,80.27397260273972,-28.23100904235359,60.78056932408139,50.81970706440643,1.995628025331487
2024-10-21,683.537082562533,24.649027513620375,123.24199642725463,164.4462162376878,16848.524354663678,80.54794520547945,-28.05224653054672,-18.95861611239969,50.61447624271589,1.9625566674880472
2024-10-22,734.516202559213,21.463124540084255,123.91115002064043,107.72018617136385,15765.012732238141,80.82191780821917,-27.865182907674207,31.559467658668062,51.13204349221097,1.966920654904382
2024-10-23,739.0582928914674,19.17891537247444,120.49900583097404,175.97287837229058,14174.336454690882,81.0958904109589,-27.669873528871634,35.63227600938026,51.56694096456068,2.0211426353158326
2024-10-24,679.3777621630634,25.247065229862947,93.43080924848456,139.33660788503104,17152.294677049176,81.36986301369862,-27.466376189326404,-24.525724661308754,51.5944698003448,2.0993228660268994
2024-10-25,762.6715750543215,20.410533646455235,129.4986284709731,173.11393741936283,15566.533843841238,81.64383561643835,-27.254751107175245,58.282490545058465,52.75385349552303,2.0964584587895096
2024-10-26,630.364479333027,23.856076747815873,100.96999645518567,146.51888590561825,15038.023398065685,81.91780821917808,-27.035060905684706,-74.51826798046636,54.15989922690621,2.1207391606238004
2024-10-27,683.3008560182692,21.5095895580252,119.28969066927743,210.13270838860552,14697.520957600245,82.1917808219178,-26.807370594719856,-22.083554208928742,53.74610393958515,2.109558744160421
2024-10-28,771.9022693855452,24.572040908551127,131.31571647038578,204.61847457212338,18967.21414074507,82.46575342465754,-26.57174755150691,66.00826351239445,51.80044241026453,2.1389563914734793
2024-10-29,705.5108276648109,20.896854696376188,138.38043272163964,190.10007562554958,14742.957252431655,82.73972602739725,-26.328261500695177,-0.9006368618912847,51.07534249187114,2.1501218817286194
2024-10-30,567.2695830785817,22.05259497050854,126.78143347718449,141.89251254316764,12509.766354721207,83.01369863013699,-26.076984493724375,-139.66713105783091,55.733388618434255,2.057958793517663
2024-10-31,701.0127103838213,25.914449986600264,113.79068228912992,247.22569987629228,18166.35882321263,83.2876712328767,-25.817990887503544,-6.456969961551863,55.723702109618216,2.1522847007985395
2024-11-01,711.6377948984947,22.366389394144324,163.8693157782565,170.38116309461685,15916.768028289946,83.56164383561644,-25.551357322407565,3.6275083852857457,55.0643526748453,2.135809090894847
2024-11-02,722.9917895503007,22.807608482429732,122.69777902169334,168.82474607390867,16489.71367207449,83.83561643835615,-25.277162699598094,14.433335811542669,55.26569392280876,2.135923528716062
2024-11-03,684.02998131432,23.49469145545771,112.8979672027181,136.66903015468233,16071.07335726245,84.10958904109589,-24.995488157675354,-25.084119569100487,54.849082439314834,2.1184426559243246
2024-11-04,736.3883638033419,22.949901094606396,153.04014706253358,148.19100291931164,16900.04011650573,84.3835616438356,-24.70641704866802,26.711219208174374,54.62648957566072,2.119215228286456
2024-11-05,719.1000669852342,19.776893568143826,128.97994292751812,203.33436855260666,14221.565489612072,84.65753424657534,-24.410034913367973,8.852567652026892,53.691332405354295,2.0773027573245657
2024-11-06,649.7651359479606,22.410019883249717,132.27582616302277,213.4218366136266,14561.249616036253,84.93150684931507,-24.10642945601735,-61.05994144533702,54.35395255354221,1.9064584848989856
2024-11-07,718.8933621570608,24.032106377017456,120.26750570131858,133.38561039864953,17276.52175309022,85.20547945205479,-23.795690518355528,7.48357322336152,54.49324505279812,1.9246035294532953
2024-11-08,742.7611583770711,25.907284758647958,113.90279256767539,132.54317876755715,19242.924837737995,85.47945205479452,-23.4779100530335,30.759616375310067,53.942738977597095,1.9969642611854963
2024-11-09,708.9875056112731,25.423929468338134,104.17886483238783,129.1417385474256,18025.248336593995,85.75342465753424,-23.15318209640351,-3.6127369498575366,52.27941585641105,2.0526392890394063
2024-11-10,675.0002684661972,22.618432596410205,137.46026865483424,179.17909168359915,15267.448074861475,86.02739726027397,-22.821602740692313,-38.20552605338444,51.31770966585449,2.026064483581843
2024-11-11,727.5457465159831,22.250066048941097,118.20918543870515,222.15291950883383,16187.94091360678,86.30136986301369,-22.48327010556586,13.727646758535366,51.61237627637699,2.0175350567976653
2024-11-12,667.4923823074062,25.198757566279955,125.65551799463844,114.08759531831208,16819.978719102983,86.57534246575342,-22.138284309094157,-46.9446758492531,47.854672836455975,2.000493625640844
2024-11-13,764.869253310945,21.3747120501986,170.71003453217187,142.47695480530305,16348.860045571862,86.84931506849314,-21.786747438124628,49.80668568057649,49.25231187392493,1.9632765688089215
2024-11-14,595.8670805756383,22.026689504170204,151.6004539899327,163.3291442383616,13124.979169595952,87.12328767123287,-21.428763518073097,-119.82744357752158,51.625181564763174,1.9678636417393645
2024-11-15,741.8382026948334,22.054149786025917,105.50975327507824,211.28177400691754,16360.610839228111,87.39726027397259,-21.064438482140936,25.50538090300179,52.16995497573194,1.9292668069218704
2024-11-16,760.7693917478275,25.226466687730884,133.28762912968304,162.87926540249913,19191.523717971857,87.67123287671232,-20.69388013996766,43.79203901108282,51.5444582184624,1.94405357442009
2024-11-17,730.9300265970564,22.39760921064361,140.14865753026436,182.51745746952415,16371.085096046208,87.94520547945206,-20.317198145728472,13.302019263332948,49.17483885831125,1.9453440235895845
2024-11-18,707.3071355587448,23.536610142369884,112.9178597012434,186.41751921849186,16647.612300562545,88.21917808219177,-19.934503965685657,-10.977538557761344,48.92136713610124,1.7932519743385538
2024-11-19,752.0369253809978,24.635627091444082,96.8166715381631,194.10119004302345,18526.90125268242,88.4931506849315,-19.545910845204062,33.089685541270384,48.52930807109416,1.817534540291639
2024-11-20,696.1717959251621,22.414008979526816,139.88767291649788,154.92630216705425,15604.000885159892,88.76712328767123,-19.151533775239926,-23.443793587269194,48.38322590181071,1.7935958935339062
2024-11-21,759.7618516773948,23.30095849392275,135.69449309475104,161.83393384787436,17703.17937120087,89.04109589041096,-18.75148945831313,39.472245245297046,49.10485312535681,1.7729116435341377
2024-11-22,666.5408338813638,24.283344970662657,149.23617912341948,239.28797510892875,16185.84100617431,89.31506849315068,-18.34589627397316,-54.428338337813706,49.264778277134845,1.6335399524343721
2024-11-23,612.3109774206895,21.620882455762864,176.00866891966035,152.75212849930176,13238.703669185996,89.58904109589041,-17.934874243768654,-109.34318943143226,51.9060882170053,1.6081155221847374
2024-11-24,662.1058002639581,24.969509386037533,136.23593791088553,213.9852427881318,16532.456994240794,89.86301369863013,-17.518544995730995,-60.238668438940934,51.12768720490072,1.5655216361364825
2024-11-25,808.2533841253324,24.24599770628983,147.6071217080993,161.16226378692664,19596.909697603805,90.13698630136986,-17.097031728382873,85.2134295523454,53.1506930298273,1.5727929588923684
2024-11-26,664.0636544932972,22.38612047886018,126.38017581314035,131.30999532542546,14865.808975119133,90.41095890410958,-16.67045917428147,-59.67684523653072,53.53712916318218,1.5480831774743806
2024-11-27,715.7994411655227,25.134000053518587,138.26105702707864,217.16259103643102,17990.903192562822,90.68493150684931,-16.238953563108517,-8.646536778218096,52.0587023974748,1.568050978607558
2024-11-28,685.5568557380991,25.65175301654434,196.721220313727,186.29353512912834,17585.735142192436,90.95890410958904,-15.802642584316626,-39.59940578717344,52.147191034973936,1.561572037174838
2024-11-29,687.8489677080929,23.076455398306358,86.43571813468633,165.92156010740183,15873.116024086876,91.23287671232876,-15.36165534934394,-38.02225365489203,45.65520048032648,1.541824290345219
2024-11-30,719.379005791928,26.70411462675167,116.37235781595666,196.65154322772048,19210.3794307463,91.5068493150685,-14.916122353408134,-7.211721169732449,45.71021751660374,1.5913036506951115
2024-12-01,744.7268501229795,26.006150456763166,112.99208764818738,180.12686830665976,19367.478513489517,91.78082191780821,-14.466175436890579,17.412203642061826,46.23384320048238,1.6417525693944015
2024-12-02,759.8195422410449,21.97530405756962,112.02628839541627,230.9757969354307,16697.265469630325,92.05479452054794,-14.01194774632291,31.776695466819906,47.135739212202324,1.6624569522606685
2024-12-03,810.2422245904394,25.161500477153833,142.02302411324078,220.4125751561342,20386.910120642522,92.32876712328766,-13.55357369498652,81.46703116213824,50.36466434996303,1.6875371132940769
2024-12-04,714.959339360853,24.142484820091752,131.30991386584245,165.93757017798356,17260.894997502222,92.6027397260274,-13.091188923137773,-14.552211442036517,50.174161229545184,1.685131105096937
2024-12-05,721.9913533364346,19.6384698510306,135.07719681577765,228.96884417311338,14178.805425202352,92.87671232876711,-12.62493025786967,-8.260428734462888,50.1903347896292,1.6962961551358722
2024-12-06,688.9416963601166,27.07309695991259,143.0645654268939,189.80551273857688,18651.785345284094,93.15068493150685,-12.154935672622688,-42.05405289876755,48.99854334343682,1.7889129482264359
2024-12-07,700.9718821341246,24.823307528064763,114.24179918818497,217.40949272084094,17400.44059874174,93.42465753424656,-11.681344246356046,-30.771431153765892,49.043016085551066,1.7980246205971038
2024-12-08,696.5724308314083,26.733162481864138,179.73483330945095,156.24550833138602,18621.583973803106,93.6986301369863,-11.204296122392122,-35.9219031831859,48.8061848009776,1.8366450724098538
2024-12-09,661.7571093472945,23.86701684709725,141.28864866440054,172.2142755226052,15794.168077478256,93.97260273972603,-10.723932466945843,-71.49156092548559,49.64858646611089,1.8130514067276167
2024-12-10,706.8212606116684,27.912625851931136,135.2223528984163,215.00546082468452,19729.237391643812,94.24657534246575,-10.240395427351084,-27.184919303446247,49.21200304639042,1.9451522054935368
2024-12-11,652.3990536954441,22.37404561155659,135.84507289089768,206.3088736537548,14596.806184318222,94.52054794520548,-9.753828089997278,-82.36766615976424,50.248069060837835,1.9414474011135214
2024-12-12,757.9735423247556,22.688026445977304,159.06720891076432,176.96081127047694,17196.92377361515,94.7945205479452,-9.264374437987613,22.443396214798003,50.41057737021836,1.9420237776418765
2024-12-13,750.0472520687973,26.08271431143918,139.2089476147656,232.75815264704158,19563.26819579045,95.06849315068493,-8.772179308532321,13.750938226644724,49.94113697351793,1.9198084720159216
2024-12-14,699.4054510197531,24.06429186755337,123.23714684254864,180.1735283297141,16830.69690709714,95.34246575342465,-8.277388350088813,-37.65962638358276,45.03826538258626,1.8806185724759108
2024-12-15,684.4069838770122,22.991245751479976,120.4939991342233,164.8215480749583,15735.36916034558,95.61643835616438,-7.780147979262168,-53.42930649988998,45.060113523966415,1.8523602408722184
2024-12-16,793.5785004831351,26.741131793221246,135.04630597387765,164.16160587722246,21221.18726968641,95.8904109589041,-7.280605337477862,54.96869486170882,46.63846734745389,1.9021071058982708
2024-12-17,667.6985228208059,24.79247031571538,150.23525457392623,194.45188206741778,16553.89580688184,96.16438356164383,-6.7789082474405715,-71.6869524933974,47.26022134539787,1.8729722581855701
2024-12-18,712.8077820690417,26.47063110211843,146.99106949263933,170.58165297631913,18868.47184586883,96.43835616438355,-6.275205169390691,-27.35536892595118,47.253468041844776,1.9079641065684445
2024-12-19,718.3693388406714,21.483568941665386,93.99809828327975,165.43094220224577,15433.137216562145,96.71232876712328,-5.769645157172845,-22.57334476927908,46.66177362181933,1.9798993397309521
2024-12-20,806.1052074443508,23.06682450077835,101.4904126976524,160.19522394067548,18594.287349282364,96.98630136986301,-5.262377814128353,64.38128388861614,49.69856737449562,1.9620356561832935
2024-12-21,739.9538412749857,27.22674312340707,122.31901254978027,182.23310085418336,20146.533159572362,97.26027397260273,-4.75355324882509,-2.5528794487918165,49.20389241736416,2.022044392858479
2024-12-22,714.7573350429778,26.27005064083439,134.52355221041157,193.53642523647255,18776.711387486863,97.53424657534246,-4.243322030638261,-28.533589501726247,48.39064911106953,2.048880718378169
2024-12-23,757.4528995945915,22.133506699219126,118.63892133351064,229.5993355968437,16765.08882751984,97.80821917808218,-3.7318351451939993,13.376515561703345,44.86372906911196,2.025942913125578
2024-12-24,696.5477927483806,22.18974619512814,126.3941370608396,156.17544008399398,15456.218733863283,98.08219178082192,-3.219243949690874,-48.31515508275033,43.75387778807915,2.0682527267921853
2024-12-25,696.5155429075227,22.267424050100708,160.9765443238641,207.82937147829747,15509.60695140792,98.35616438356163,-2.7057001281103537,-49.134921347928596,40.7500396104123,2.1057560115241505
2024-12-26,793.6742431672134,24.551680117273627,139.5462904243162,186.26331374786503,19486.036135560666,98.63013698630137,-2.1913556463314228,47.235461827243384,41.73899470209358,2.0722211222828952
2024-12-27,803.4450409036522,25.358977637125815,155.45275663124377,202.38595009251233,20374.54482493535,98.90410958904108,-1.676362707161194,56.217294021772226,44.286687674463174,2.075212532948523
2024-12-28,772.4664228518322,30.0125832903068,142.7197405587876,209.9008368724236,23183.712854805966,99.17808219178082,-1.1608737052958067,24.449214365347167,44.47164414086776,2.30252895379249
2024-12-29,728.2619927393548,23.510339317216758,145.84898755667803,237.4599544786151,17121.68656113468,99.45205479452055,-0.6450411822244138,-20.54502087294129,43.829663571384785,2.294002185655243
2024-12-30,692.1539689593229,28.0587539881588,138.03170329843115,231.45004934697891,19420.977936957344,99.72602739726027,-0.12901778108945922,-57.44304065684791,44.31634800476978,2.349300403882718
2024-12-31,677.6095722336157,22.672580409153994,166.0762111553032,184.53385445860945,15363.157512479094,100.0,0.3870437984825896,-72.77747156486694,45.137742865797875,2.3620205308469577
